{
  "project_info": {
    "project_number": "87668279587",
    "firebase_url": "https://clubenz-261106.firebaseio.com",
    "project_id": "clubenz-261106",
    "storage_bucket": "clubenz-261106.appspot.com"
  },
  "client": [
    {
      "client_info": {
        "mobilesdk_app_id": "1:87668279587:android:8242c7766f031857376496",
        "android_client_info": {
          "package_name": "com.clubbenz"
        }
      },
      "oauth_client": [
        {
          "client_id": "87668279587-0ha6e22bt7v96df0vktmm7835dnvtjbu.apps.googleusercontent.com",
          "client_type": 1,
          "android_info": {
            "package_name": "com.clubbenz",
            "certificate_hash": "07edfd5e286db68ab9c9bb2b34990a76dd45f5e0"
          }
        },
        {
          "client_id": "87668279587-mtuseok1l4k422005jqjg55f8gk7fdsb.apps.googleusercontent.com",
          "client_type": 3
        }
      ],
      "api_key": [
        {
          "current_key": "AIzaSyAKV5yL3jre8f_QiuXjbR9Kk1DpKCqys9c"
        }
      ],
      "services": {
        "appinvite_service": {
          "other_platform_oauth_client": [
            {
              "client_id": "87668279587-mtuseok1l4k422005jqjg55f8gk7fdsb.apps.googleusercontent.com",
              "client_type": 3
            },
            {
              "client_id": "87668279587-86qme2ppagpv48jdl22mlf4hejr6htf5.apps.googleusercontent.com",
              "client_type": 2,
              "ios_info": {
                "bundle_id": "org.reactjs.native.example.ClubBenz.production"
              }
            }
          ]
        }
      }
    }
  ],
  "configuration_version": "1"
}